{
	"format_version": "1.12.0",
	"minecraft:geometry": [
		{
			"description": {
				"identifier": "geometry.unknown",
				"texture_width": 128,
				"texture_height": 128,
				"visible_bounds_width": 7,
				"visible_bounds_height": 4.5,
				"visible_bounds_offset": [0, 1.75, 0]
			},
			"bones": [
				{
					"name": "LeftArm",
					"pivot": [3.55, 31.725, 1.25],
					"cubes": [
						{
							"origin": [2.40098, 26.07197, -0.33085],
							"size": [2.9, 6.5, 3.025],
							"uv": {
								"north": {"uv": [43, 5], "uv_size": [3, 7]},
								"east": {"uv": [30, 43], "uv_size": [3, 7]},
								"south": {"uv": [43, 36], "uv_size": [3, 7]},
								"west": {"uv": [40, 43], "uv_size": [3, 7]},
								"up": {"uv": [90, 5], "uv_size": [3, 3]},
								"down": {"uv": [90, 11], "uv_size": [3, -3]}
							}
						},
						{
							"origin": [2.40098, 26.07197, -0.33085],
							"size": [2.9, 6.5, 3.025],
							"inflate": 0.1,
							"uv": {
								"north": {"uv": [53, 0], "uv_size": [3, 7]},
								"east": {"uv": [50, 10], "uv_size": [3, 7]},
								"south": {"uv": [53, 45], "uv_size": [3, 7]},
								"west": {"uv": [50, 49], "uv_size": [3, 7]},
								"up": {"uv": [72, 24], "uv_size": [3, 3]},
								"down": {"uv": [40, 77], "uv_size": [3, -3]}
							}
						},
						{
							"origin": [1.70098, 28.07197, -0.73085],
							"size": [4.1, 4.5, 3.825],
							"pivot": [4.00098, 30.32197, 1.18165],
							"rotation": [0, 0, -12.5],
							"uv": {
								"north": {"uv": [57, 60], "uv_size": [4, 5]},
								"east": {"uv": [61, 36], "uv_size": [4, 5]},
								"south": {"uv": [38, 62], "uv_size": [4, 5]},
								"west": {"uv": [60, 44], "uv_size": [4, 5]},
								"up": {"uv": [69, 47], "uv_size": [4, 4]},
								"down": {"uv": [64, 72], "uv_size": [4, -4]}
							}
						},
						{
							"origin": [2.55098, 25.12197, -0.00585],
							"size": [2.6, 2.05, 2.3],
							"uv": {
								"north": {"uv": [99, 30], "uv_size": [3, 2]},
								"east": {"uv": [105, 0], "uv_size": [2, 2]},
								"south": {"uv": [99, 32], "uv_size": [3, 2]},
								"west": {"uv": [5, 105], "uv_size": [2, 2]},
								"up": {"uv": [33, 99], "uv_size": [3, 2]},
								"down": {"uv": [99, 36], "uv_size": [3, -2]}
							}
						}
					]
				},
				{
					"name": "LeftForeArm",
					"parent": "LeftArm",
					"pivot": [5.30106, 26.14139, 1.15203],
					"cubes": [
						{
							"origin": [2.42598, 20.07197, -0.40585],
							"size": [2.85, 6, 3.2],
							"uv": {
								"north": {"uv": [47, 70], "uv_size": [3, 6]},
								"east": {"uv": [52, 69], "uv_size": [3, 6]},
								"south": {"uv": [77, 23], "uv_size": [3, 6]},
								"west": {"uv": [73, 15], "uv_size": [3, 6]},
								"up": {"uv": [90, 17], "uv_size": [3, 3]},
								"down": {"uv": [21, 93], "uv_size": [3, -3]}
							}
						},
						{
							"origin": [2.42598, 20.07197, -0.40585],
							"size": [2.85, 1.6, 3.2],
							"inflate": 0.1,
							"uv": {
								"north": {"uv": [36, 99], "uv_size": [3, 2]},
								"east": {"uv": [46, 97], "uv_size": [3, 2]},
								"south": {"uv": [105, 48], "uv_size": [3, 2]},
								"west": {"uv": [66, 77], "uv_size": [3, 2]},
								"up": {"uv": [24, 90], "uv_size": [3, 3]},
								"down": {"uv": [27, 93], "uv_size": [3, -3]}
							}
						}
					]
				},
				{
					"name": "LeftHand",
					"parent": "LeftForeArm",
					"pivot": [4.87606, 20.34139, 1.17703],
					"cubes": [
						{
							"origin": [2.45098, 18.02197, -0.38085],
							"size": [2.85, 3, 3.2],
							"uv": {
								"north": {"uv": [90, 27], "uv_size": [3, 3]},
								"east": {"uv": [33, 90], "uv_size": [3, 3]},
								"south": {"uv": [89, 34], "uv_size": [3, 3]},
								"west": {"uv": [89, 37], "uv_size": [3, 3]},
								"up": {"uv": [90, 30], "uv_size": [3, 3]},
								"down": {"uv": [89, 43], "uv_size": [3, -3]}
							}
						}
					]
				},
				{
					"name": "LeftHandLocator",
					"parent": "LeftHand",
					"pivot": [4.125, 19.575, 0.025]
				},
				{
					"name": "RightArm",
					"pivot": [-3.55, 31.725, 1.25],
					"cubes": [
						{
							"origin": [-5.30098, 26.07197, -0.33085],
							"size": [2.9, 6.5, 3.025],
							"uv": {
								"north": {"uv": [33, 38], "uv_size": [3, 7]},
								"east": {"uv": [40, 36], "uv_size": [3, 7]},
								"south": {"uv": [12, 41], "uv_size": [3, 7]},
								"west": {"uv": [15, 41], "uv_size": [3, 7]},
								"up": {"uv": [89, 29], "uv_size": [3, 3]},
								"down": {"uv": [89, 35], "uv_size": [3, -3]}
							}
						},
						{
							"origin": [-5.30098, 26.07197, -0.33085],
							"size": [2.9, 6.5, 3.025],
							"inflate": 0.1,
							"uv": {
								"north": {"uv": [35, 50], "uv_size": [3, 7]},
								"east": {"uv": [53, 52], "uv_size": [3, 7]},
								"south": {"uv": [90, 11], "uv_size": [3, 7]},
								"west": {"uv": [28, 63], "uv_size": [3, 7]},
								"up": {"uv": [72, 46], "uv_size": [3, 3]},
								"down": {"uv": [89, 53], "uv_size": [3, -3]}
							}
						},
						{
							"origin": [-5.80098, 28.07197, -0.73085],
							"size": [4.1, 4.5, 3.825],
							"pivot": [-4.00098, 30.32197, 1.18165],
							"rotation": [0, 0, 12.5],
							"uv": {
								"north": {"uv": [65, 36], "uv_size": [4, 5]},
								"east": {"uv": [55, 21], "uv_size": [4, 5]},
								"south": {"uv": [55, 26], "uv_size": [4, 5]},
								"west": {"uv": [75, 19], "uv_size": [4, 5]},
								"up": {"uv": [34, 68], "uv_size": [4, 4]},
								"down": {"uv": [2, 72], "uv_size": [4, -4]}
							}
						},
						{
							"origin": [-5.15098, 25.12197, -0.00585],
							"size": [2.6, 2.05, 2.3],
							"uv": {
								"north": {"uv": [99, 6], "uv_size": [3, 2]},
								"east": {"uv": [104, 90], "uv_size": [2, 2]},
								"south": {"uv": [99, 8], "uv_size": [3, 2]},
								"west": {"uv": [104, 92], "uv_size": [2, 2]},
								"up": {"uv": [99, 10], "uv_size": [3, 2]},
								"down": {"uv": [99, 14], "uv_size": [3, -2]}
							}
						}
					]
				},
				{
					"name": "RightForeArm",
					"parent": "RightArm",
					"pivot": [-5.30106, 26.14139, 1.15203],
					"cubes": [
						{
							"origin": [-5.27598, 20.07197, -0.40585],
							"size": [2.85, 6, 3.2],
							"uv": {
								"north": {"uv": [73, 21], "uv_size": [3, 6]},
								"east": {"uv": [39, 64], "uv_size": [3, 6]},
								"south": {"uv": [4, 58], "uv_size": [3, 6]},
								"west": {"uv": [53, 63], "uv_size": [3, 6]},
								"up": {"uv": [72, 47], "uv_size": [3, 3]},
								"down": {"uv": [62, 44], "uv_size": [3, -3]}
							}
						},
						{
							"origin": [-5.27598, 20.07197, -0.40585],
							"size": [2.85, 1.6, 3.2],
							"inflate": 0.1,
							"uv": {
								"north": {"uv": [105, 33], "uv_size": [3, 2]},
								"east": {"uv": [86, 24], "uv_size": [3, 2]},
								"south": {"uv": [95, 26], "uv_size": [3, 2]},
								"west": {"uv": [99, 32], "uv_size": [3, 2]},
								"up": {"uv": [89, 70], "uv_size": [3, 3]},
								"down": {"uv": [89, 76], "uv_size": [3, -3]}
							}
						}
					]
				},
				{
					"name": "RightHand",
					"parent": "RightForeArm",
					"pivot": [-4.87606, 20.34139, 1.17703],
					"cubes": [
						{
							"origin": [-5.30098, 18.02197, -0.38085],
							"size": [2.85, 3, 3.2],
							"uv": {
								"north": {"uv": [89, 22], "uv_size": [3, 3]},
								"east": {"uv": [90, 25], "uv_size": [3, 3]},
								"south": {"uv": [90, 28], "uv_size": [3, 3]},
								"west": {"uv": [89, 34], "uv_size": [3, 3]},
								"up": {"uv": [89, 38], "uv_size": [3, 3]},
								"down": {"uv": [90, 34], "uv_size": [3, -3]}
							}
						}
					]
				},
				{
					"name": "RightHandLocator",
					"parent": "RightHand",
					"pivot": [-4.125, 19.575, 0.025]
				}
			]
		}
	]
}