{
	"format_version": "1.12.0",
	"minecraft:geometry": [
		{
			"description": {
				"identifier": "geometry.unknown",
				"texture_width": 256,
				"texture_height": 256,
				"visible_bounds_width": 7,
				"visible_bounds_height": 4.5,
				"visible_bounds_offset": [0, 1.75, 0]
			},
			"bones": [
				{
					"name": "RightArm",
					"pivot": [-3.55, 31.725, 1.25],
					"cubes": [
						{
							"origin": [-6.90098, 25.5025, -1.53018],
							"size": [3.7, 0.6, 4.025],
							"uv": {
								"north": {"uv": [148, 117], "uv_size": [4, 1]},
								"east": {"uv": [148, 126], "uv_size": [4, 1]},
								"south": {"uv": [148, 131], "uv_size": [4, 1]},
								"west": {"uv": [148, 133], "uv_size": [4, 1]},
								"up": {"uv": [39, 99], "uv_size": [4, 4]},
								"down": {"uv": [44, 103], "uv_size": [4, -4]}
							}
						},
						{
							"origin": [-6.35098, 25.1525, -0.70518],
							"size": [2.6, 2.05, 2.3],
							"uv": {
								"north": {"uv": [135, 119], "uv_size": [3, 2]},
								"east": {"uv": [144, 148], "uv_size": [2, 2]},
								"south": {"uv": [135, 124], "uv_size": [3, 2]},
								"west": {"uv": [29, 149], "uv_size": [2, 2]},
								"up": {"uv": [126, 135], "uv_size": [3, 2]},
								"down": {"uv": [135, 134], "uv_size": [3, -2]}
							}
						},
						{
							"origin": [-6.50098, 26.1025, -1.03018],
							"size": [2.9, 6.5, 3.025],
							"uv": {
								"north": {"uv": [75, 21], "uv_size": [3, 7]},
								"east": {"uv": [18, 76], "uv_size": [3, 7]},
								"south": {"uv": [22, 76], "uv_size": [3, 7]},
								"west": {"uv": [76, 45], "uv_size": [3, 7]},
								"up": {"uv": [123, 89], "uv_size": [3, 3]},
								"down": {"uv": [124, 77], "uv_size": [3, -3]}
							}
						},
						{
							"origin": [-6.70098, 26.1025, -1.33018],
							"size": [3.3, 6.5, 3.625],
							"uv": {
								"north": {"uv": [64, 76], "uv_size": [3, 7]},
								"east": {"uv": [67, 8], "uv_size": [4, 7]},
								"south": {"uv": [76, 72], "uv_size": [3, 7]},
								"west": {"uv": [67, 33], "uv_size": [4, 7]},
								"up": {"uv": [115, 21], "uv_size": [3, 4]},
								"down": {"uv": [115, 110], "uv_size": [3, -4]}
							}
						}
					]
				},
				{
					"name": "RightForeArm",
					"parent": "RightArm",
					"pivot": [-5.30106, 26.14139, 1.15203],
					"cubes": [
						{
							"origin": [-6.47598, 20.17544, 4.70184],
							"size": [2.85, 6, 0.2],
							"pivot": [0, 0, 0],
							"rotation": [6, 0, 0],
							"uv": {
								"north": {"uv": [88, 51], "uv_size": [3, 6]},
								"east": {"uv": [44, 135], "uv_size": [1, 6]},
								"south": {"uv": [88, 58], "uv_size": [3, 6]},
								"west": {"uv": [74, 135], "uv_size": [1, 6]},
								"up": {"uv": [139, 156], "uv_size": [3, 1]},
								"down": {"uv": [156, 142], "uv_size": [3, -1]}
							}
						},
						{
							"origin": [-6.47598, 20.1025, -1.10518],
							"size": [2.85, 6, 3.2],
							"uv": {
								"north": {"uv": [89, 0], "uv_size": [3, 6]},
								"east": {"uv": [89, 20], "uv_size": [3, 6]},
								"south": {"uv": [89, 78], "uv_size": [3, 6]},
								"west": {"uv": [18, 90], "uv_size": [3, 6]},
								"up": {"uv": [114, 124], "uv_size": [3, 3]},
								"down": {"uv": [118, 127], "uv_size": [3, -3]}
							}
						},
						{
							"origin": [-7.27598, 20.1025, -1.90518],
							"size": [4.45, 1.2, 4.8],
							"uv": {
								"north": {"uv": [152, 66], "uv_size": [4, 1]},
								"east": {"uv": [141, 56], "uv_size": [5, 1]},
								"south": {"uv": [84, 152], "uv_size": [4, 1]},
								"west": {"uv": [141, 58], "uv_size": [5, 1]},
								"up": {"uv": [82, 34], "uv_size": [4, 5]},
								"down": {"uv": [36, 87], "uv_size": [4, -5]}
							}
						},
						{
							"origin": [-1.07531, 20.72777, 0.88438],
							"size": [2.85, 6, 0.2],
							"pivot": [0, 0, 0],
							"rotation": [-6, -90, 0],
							"uv": {
								"north": {"uv": [64, 91], "uv_size": [3, 6]},
								"east": {"uv": [101, 136], "uv_size": [1, 6]},
								"south": {"uv": [34, 92], "uv_size": [3, 6]},
								"west": {"uv": [103, 136], "uv_size": [1, 6]},
								"up": {"uv": [157, 119], "uv_size": [3, 1]},
								"down": {"uv": [157, 122], "uv_size": [3, -1]}
							}
						},
						{
							"origin": [-6.47598, 20.02924, -4.00454],
							"size": [2.85, 6, 0.2],
							"pivot": [0, 0, 0],
							"rotation": [-6, 0, 0],
							"uv": {
								"north": {"uv": [46, 92], "uv_size": [3, 6]},
								"east": {"uv": [130, 136], "uv_size": [1, 6]},
								"south": {"uv": [92, 51], "uv_size": [3, 6]},
								"west": {"uv": [132, 136], "uv_size": [1, 6]},
								"up": {"uv": [157, 129], "uv_size": [3, 1]},
								"down": {"uv": [157, 132], "uv_size": [3, -1]}
							}
						},
						{
							"origin": [-1.67665, 19.4769, -9.20247],
							"size": [2.85, 6, 0.2],
							"pivot": [0, 0, 0],
							"rotation": [-6, 90, 0],
							"uv": {
								"north": {"uv": [92, 92], "uv_size": [3, 6]},
								"east": {"uv": [4, 137], "uv_size": [1, 6]},
								"south": {"uv": [93, 0], "uv_size": [3, 6]},
								"west": {"uv": [6, 137], "uv_size": [1, 6]},
								"up": {"uv": [157, 135], "uv_size": [3, 1]},
								"down": {"uv": [157, 157], "uv_size": [3, -1]}
							}
						}
					]
				},
				{
					"name": "RightHand",
					"parent": "RightForeArm",
					"pivot": [-4.87606, 20.34139, 1.17703],
					"cubes": [
						{
							"origin": [-6.50098, 18.0525, -1.08018],
							"size": [2.85, 3, 3.2],
							"uv": {
								"north": {"uv": [82, 122], "uv_size": [3, 3]},
								"east": {"uv": [122, 105], "uv_size": [3, 3]},
								"south": {"uv": [122, 118], "uv_size": [3, 3]},
								"west": {"uv": [122, 122], "uv_size": [3, 3]},
								"up": {"uv": [8, 123], "uv_size": [3, 3]},
								"down": {"uv": [25, 126], "uv_size": [3, -3]}
							}
						}
					]
				},
				{
					"name": "RightHandLocator",
					"parent": "RightHand",
					"pivot": [-4.125, 19.575, 0.025]
				},
				{
					"name": "LeftArm",
					"pivot": [3.55, 31.725, 1.25],
					"cubes": [
						{
							"origin": [3.20098, 26.1025, -1.03018],
							"size": [2.9, 6.5, 3.025],
							"uv": {
								"north": {"uv": [30, 74], "uv_size": [3, 7]},
								"east": {"uv": [34, 74], "uv_size": [3, 7]},
								"south": {"uv": [38, 74], "uv_size": [3, 7]},
								"west": {"uv": [42, 74], "uv_size": [3, 7]},
								"up": {"uv": [29, 123], "uv_size": [3, 3]},
								"down": {"uv": [47, 126], "uv_size": [3, -3]}
							}
						},
						{
							"origin": [3.00098, 26.1025, -1.33018],
							"size": [3.3, 6.5, 3.625],
							"uv": {
								"north": {"uv": [46, 74], "uv_size": [3, 7]},
								"east": {"uv": [66, 60], "uv_size": [4, 7]},
								"south": {"uv": [50, 74], "uv_size": [3, 7]},
								"west": {"uv": [67, 0], "uv_size": [4, 7]},
								"up": {"uv": [114, 101], "uv_size": [3, 4]},
								"down": {"uv": [115, 9], "uv_size": [3, -4]}
							}
						},
						{
							"origin": [2.80098, 25.5025, -1.53018],
							"size": [3.7, 0.6, 4.025],
							"uv": {
								"north": {"uv": [150, 89], "uv_size": [4, 1]},
								"east": {"uv": [150, 94], "uv_size": [4, 1]},
								"south": {"uv": [150, 96], "uv_size": [4, 1]},
								"west": {"uv": [150, 119], "uv_size": [4, 1]},
								"up": {"uv": [101, 54], "uv_size": [4, 4]},
								"down": {"uv": [102, 4], "uv_size": [4, -4]}
							}
						},
						{
							"origin": [3.35098, 25.1525, -0.70518],
							"size": [2.6, 2.05, 2.3],
							"uv": {
								"north": {"uv": [135, 135], "uv_size": [3, 2]},
								"east": {"uv": [40, 149], "uv_size": [2, 2]},
								"south": {"uv": [8, 136], "uv_size": [3, 2]},
								"west": {"uv": [149, 40], "uv_size": [2, 2]},
								"up": {"uv": [136, 36], "uv_size": [3, 2]},
								"down": {"uv": [46, 138], "uv_size": [3, -2]}
							}
						}
					]
				},
				{
					"name": "LeftForeArm",
					"parent": "LeftArm",
					"pivot": [5.30106, 26.14139, 1.15203],
					"cubes": [
						{
							"origin": [2.42598, 20.1025, -1.90518],
							"size": [4.45, 1.2, 4.8],
							"uv": {
								"north": {"uv": [151, 109], "uv_size": [4, 1]},
								"east": {"uv": [141, 47], "uv_size": [5, 1]},
								"south": {"uv": [151, 111], "uv_size": [4, 1]},
								"west": {"uv": [141, 54], "uv_size": [5, 1]},
								"up": {"uv": [26, 82], "uv_size": [4, 5]},
								"down": {"uv": [31, 87], "uv_size": [4, -5]}
							}
						},
						{
							"origin": [3.22598, 20.02924, -4.00454],
							"size": [2.85, 6, 0.2],
							"pivot": [0, 0, 0],
							"rotation": [-6, 0, 0],
							"uv": {
								"north": {"uv": [88, 86], "uv_size": [3, 6]},
								"east": {"uv": [59, 136], "uv_size": [1, 6]},
								"south": {"uv": [0, 89], "uv_size": [3, 6]},
								"west": {"uv": [61, 136], "uv_size": [1, 6]},
								"up": {"uv": [157, 95], "uv_size": [3, 1]},
								"down": {"uv": [157, 98], "uv_size": [3, -1]}
							}
						},
						{
							"origin": [-1.17335, 19.51871, -8.80466],
							"size": [2.85, 6, 0.2],
							"pivot": [0, 0, 0],
							"rotation": [-6, -90, 0],
							"uv": {
								"north": {"uv": [38, 92], "uv_size": [3, 6]},
								"east": {"uv": [114, 136], "uv_size": [1, 6]},
								"south": {"uv": [42, 92], "uv_size": [3, 6]},
								"west": {"uv": [116, 136], "uv_size": [1, 6]},
								"up": {"uv": [157, 125], "uv_size": [3, 1]},
								"down": {"uv": [157, 128], "uv_size": [3, -1]}
							}
						},
						{
							"origin": [-1.77469, 20.68596, 0.48658],
							"size": [2.85, 6, 0.2],
							"pivot": [0, 0, 0],
							"rotation": [-6, 90, 0],
							"uv": {
								"north": {"uv": [92, 58], "uv_size": [3, 6]},
								"east": {"uv": [0, 137], "uv_size": [1, 6]},
								"south": {"uv": [92, 85], "uv_size": [3, 6]},
								"west": {"uv": [2, 137], "uv_size": [1, 6]},
								"up": {"uv": [132, 157], "uv_size": [3, 1]},
								"down": {"uv": [157, 134], "uv_size": [3, -1]}
							}
						},
						{
							"origin": [3.22598, 20.17544, 4.70184],
							"size": [2.85, 6, 0.2],
							"pivot": [0, 0, 0],
							"rotation": [6, 0, 0],
							"uv": {
								"north": {"uv": [90, 27], "uv_size": [3, 6]},
								"east": {"uv": [78, 136], "uv_size": [1, 6]},
								"south": {"uv": [90, 34], "uv_size": [3, 6]},
								"west": {"uv": [80, 136], "uv_size": [1, 6]},
								"up": {"uv": [157, 99], "uv_size": [3, 1]},
								"down": {"uv": [157, 118], "uv_size": [3, -1]}
							}
						},
						{
							"origin": [3.22598, 20.1025, -1.10518],
							"size": [2.85, 6, 3.2],
							"uv": {
								"north": {"uv": [93, 20], "uv_size": [3, 6]},
								"east": {"uv": [50, 93], "uv_size": [3, 6]},
								"south": {"uv": [93, 65], "uv_size": [3, 6]},
								"west": {"uv": [93, 72], "uv_size": [3, 6]},
								"up": {"uv": [125, 16], "uv_size": [3, 3]},
								"down": {"uv": [33, 128], "uv_size": [3, -3]}
							}
						}
					]
				},
				{
					"name": "LeftHand",
					"parent": "LeftForeArm",
					"pivot": [4.87606, 20.34139, 1.17703],
					"cubes": [
						{
							"origin": [3.25098, 18.0525, -1.08018],
							"size": [2.85, 3, 3.2],
							"uv": {
								"north": {"uv": [123, 51], "uv_size": [3, 3]},
								"east": {"uv": [123, 55], "uv_size": [3, 3]},
								"south": {"uv": [57, 123], "uv_size": [3, 3]},
								"west": {"uv": [123, 59], "uv_size": [3, 3]},
								"up": {"uv": [123, 70], "uv_size": [3, 3]},
								"down": {"uv": [78, 126], "uv_size": [3, -3]}
							}
						}
					]
				},
				{
					"name": "LeftHandLocator",
					"parent": "LeftHand",
					"pivot": [4.125, 19.575, 0.025]
				}
			]
		}
	]
}